{
    "1": [
        {
            "author": "youssef devs",
            "text": "wesh",
            "date": "2025-04-07 18:36:53",
            "email": "narododo007@gmail.com"
        },
        {
            "author": "youssef devs",
            "text": "testing",
            "date": "2025-04-07 18:36:43",
            "email": "narododo007@gmail.com"
        }
    ],
    "0": [
        {
            "author": "youssef devs",
            "text": "oh",
            "date": "2025-04-09 00:03:38",
            "email": "narododo007@gmail.com"
        },
        {
            "author": "youssef devs",
            "text": "oh",
            "date": "2025-04-09 00:03:22",
            "email": "narododo007@gmail.com"
        }
    ],
    "2": [
        {
            "author": "abdel mougari",
            "text": "okk daccord",
            "date": "2025-05-01 18:44:58",
            "email": "abdelbaki.mougari@gmail.com"
        }
    ]
}